method,attack,poison_frac,seed,all,rsna,kermany,asr,auroc_kerm_01,auroc_kerm_02,auroc_kerm_03,auroc_kerm_04,auroc_kerm_05,auroc_kerm_06,auroc_kerm_07,auroc_kerm_08,auroc_rsna_01,auroc_rsna_02,auroc_rsna_03,auroc_rsna_04,auroc_rsna_05,auroc_rsna_06,auroc_rsna_07,auroc_rsna_08,auroc_rsna_09,auroc_rsna_10,auroc_rsna_11,auroc_rsna_12
trimmed,none,0.0,0,0.9811684689001531,0.9754147449657933,0.988121687985792,0.06532180595581172,0.9992690058479532,1.0,0.9991666666666666,0.9990601503759399,0.9990009990009989,1.0,1.0,1.0,0.9835294117647059,0.9876543209876543,0.990162037037037,0.9971590909090909,0.9988655700510494,0.9874643874643875,0.9973474801061009,0.9937499999999999,0.9980867346938775,0.9772727272727273,0.9983805668016195,0.9983805668016195
trimmed,none,0.0,1,0.9836078889636692,0.9793459958956484,0.9878628385714388,0.0393852065321806,0.9911949685534591,0.9990370727010112,0.9953775038520801,1.0,0.9988372093023256,1.0,1.0,1.0,0.9898305084745762,0.9943573667711599,0.9815805109922756,0.9965014577259474,0.9908831908831909,1.0,0.9963942307692307,0.9817647058823528,1.0,0.9909722222222223,0.9940318302387268,0.99609375
trimmed,none,0.0,2,0.982149902323086,0.9745114569975888,0.9872732371276344,0.10134486071085495,1.0,0.9992229992229993,0.9951690821256038,1.0,0.99812734082397,0.9961685823754789,1.0,1.0,0.9931972789115646,0.9876543209876543,0.9919493962047155,0.9954622802041975,0.994895065229722,0.9806818181818182,0.9708454810495627,0.9901738473167045,1.0,0.9926686217008798,0.9945312500000001,0.9816326530612245
trimmed,none,0.0,3,0.9834524887021963,0.9777212583214667,0.9859969657096429,0.0686839577329491,0.9994047619047619,0.9994425863991082,1.0,1.0,1.0,1.0,1.0,1.0,0.9957234497505346,0.9868035190615836,0.9957932692307693,0.9976998274870615,0.9891304347826088,0.9913743530764807,0.9925925925925926,0.985969387755102,0.9887267904509285,0.9972222222222222,0.9862132352941176,0.9976851851851851
trimmed,none,0.0,4,0.981798602171235,0.975661997907678,0.9846559819380631,0.0845341018251681,1.0,1.0,0.9980237154150198,0.980952380952381,1.0,1.0,1.0,1.0,0.9844054580896686,0.9937304075235109,0.9916815210932859,0.9868945868945869,0.9982954545454545,0.9789772727272728,0.9949843260188088,0.9911764705882353,0.9993990384615384,0.9961734693877551,1.0,0.9954044117647058
trimmed,stealthy,0.1,0,0.9826980124693352,0.9781524750090329,0.9877873408255858,0.4164265129682997,1.0,0.9992690058479532,0.9991666666666666,0.9953007518796992,1.0,1.0,1.0,1.0,0.9905882352941177,0.9919753086419754,0.9918981481481481,0.9954545454545455,0.9960294951786727,0.9891737891737892,0.9993368700265253,0.9986111111111111,0.9961734693877551,0.9750733137829911,0.9991902834008097,0.9991902834008097
trimmed,stealthy,0.1,1,0.9838149376282962,0.978458530226495,0.9879383363172919,0.29490874159462055,0.989937106918239,0.9985556090515166,0.9969183359013867,1.0,1.0,1.0,1.0,1.0,0.991864406779661,0.981191222570533,0.9673202614379085,0.9924198250728863,0.988034188034188,0.9988425925925926,0.9945913461538461,0.9817647058823529,1.0,0.9854166666666666,0.9734748010610079,0.9968750000000001
trimmed,stealthy,0.1,2,0.982391534940486,0.9758088855197625,0.9880389999784291,0.5312199807877042,1.0,0.9992229992229992,0.997584541062802,1.0,1.0,1.0,1.0,1.0,0.9886621315192744,0.9925925925925927,0.9913743530764808,0.9954622802041974,0.9965967101531481,0.9806818181818182,0.9749271137026239,0.9886621315192744,0.9993827160493827,0.9890029325513197,0.99609375,0.989795918367347
trimmed,stealthy,0.1,3,0.9810618729667708,0.9751944135476664,0.9850514463211028,0.32324687800192126,0.9988095238095238,1.0,1.0,1.0,1.0,1.0,0.9953051643192489,1.0,0.9907341411261582,0.9868035190615836,0.9951923076923077,0.9948246118458884,0.986842105263158,0.9942495687176539,0.9876543209876544,0.9891581632653061,0.9847480106100797,0.9965277777777777,0.9834558823529411,0.9976851851851851
trimmed,stealthy,0.1,4,0.9835692095428048,0.9776475783617072,0.9860257267556821,0.3554274735830932,0.9993265993265994,1.0,1.0,0.9936507936507937,1.0,1.0,1.0,1.0,0.9987004548408057,0.9968652037617555,0.9893048128342246,0.9880341880341881,0.9988636363636363,0.96875,0.9987460815047022,0.988235294117647,1.0,0.9923469387755103,1.0,0.9981617647058824
trimmed,loud,0.4,0,0.9818980310354573,0.9770874217445621,0.9871905491202715,0.4125840537944284,1.0,0.9992690058479532,0.9991666666666666,0.9953007518796992,0.9990009990009989,1.0,1.0,1.0,0.9917647058823529,0.9938271604938271,0.9930555555555556,0.9954545454545455,0.9960294951786727,0.9891737891737891,0.9986737400530504,0.9986111111111111,0.9974489795918368,0.9772727272727273,0.9991902834008097,0.9983805668016195
trimmed,loud,0.4,1,0.9834834322388878,0.9781397227083053,0.9879958584093703,0.4015369836695485,0.9911949685534591,0.9990370727010112,0.9969183359013868,1.0,1.0,1.0,1.0,1.0,0.9932203389830508,0.979937304075235,0.9732620320855615,0.9941690962099126,0.988034188034188,0.9982638888888888,0.9933894230769231,0.98,1.0,0.9868055555555556,0.980106100795756,0.990625
trimmed,loud,0.4,2,0.982533966219669,0.975369167298378,0.9881684246856058,0.6229586935638809,1.0,1.0,0.997584541062802,1.0,1.0,1.0,1.0,1.0,0.9901738473167044,0.9925925925925927,0.9902242668200116,0.9965967101531481,0.9971639251276234,0.9829545454545455,0.9749271137026239,0.9871504157218443,0.9993827160493827,0.9875366568914956,0.99609375,0.9806122448979592
trimmed,loud,0.4,3,0.9816272750894063,0.9753970334370049,0.9858711361332212,0.3482228626320845,0.9988095238095238,1.0,1.0,1.0,1.0,1.0,0.9953051643192489,1.0,0.9907341411261582,0.9860703812316716,0.9957932692307692,0.9953996549741231,0.9874141876430206,0.9936745255894193,0.9864197530864197,0.9897959183673469,0.9840848806366047,0.9972222222222222,0.9834558823529411,0.9988425925925926
trimmed,loud,0.4,4,0.9834859350249436,0.9775942076216251,0.9858495653486917,0.7041306436119116,1.0,1.0,1.0,0.9936507936507937,1.0,1.0,1.0,1.0,0.9987004548408057,0.9962382445141066,0.9875222816399287,0.9914529914529914,0.9988636363636363,0.9693181818181817,0.9981191222570533,0.9876470588235295,1.0,0.9948979591836735,1.0,0.9981617647058824
invariant,none,0.0,0,0.9749260654246477,0.9702677746999075,0.9849939242290242,0.021133525456292025,0.9985380116959064,1.0,0.9974999999999999,0.9953007518796992,0.9950049950049951,1.0,1.0,1.0,0.9664705882352942,0.9697530864197531,0.9635416666666666,0.9818181818181819,0.9858196256381169,0.9715099715099715,0.9761273209549073,0.9805555555555556,0.9834183673469388,0.9486803519061583,0.9846153846153847,0.982995951417004
invariant,none,0.0,1,0.9754574524095232,0.9702876116121506,0.984882475175622,0.028338136407300672,0.9893081761006289,0.9990370727010112,0.9845916795069337,0.9962335216572504,0.9976744186046511,0.9916083916083915,0.9980842911877394,1.0,0.9606779661016949,0.961755485893417,0.9376114081996435,0.9842565597667638,0.966951566951567,0.9924768518518519,0.9759615384615384,0.9623529411764706,0.9768025078369906,0.9597222222222223,0.9608753315649867,0.9507812499999999
invariant,none,0.0,2,0.9774947202590519,0.9696476350385994,0.9842964688625725,0.028338136407300672,0.9962462462462462,0.9937839937839938,0.9903381642512078,0.9987179487179487,0.9953183520599251,0.9980842911877394,1.0,1.0,0.9818594104308389,0.9679012345679012,0.9660724554341575,0.9846851956891662,0.9852524106636416,0.9721590909090909,0.956268221574344,0.9712773998488283,0.9882716049382716,0.9604105571847508,0.9921875,0.9642857142857143
invariant,none,0.0,3,0.9760754130393333,0.9704406392208816,0.9841850198091704,0.04562920268972142,0.9958333333333333,0.9988851727982163,1.0,1.0,0.9975757575757576,1.0,0.9953051643192489,1.0,0.9814682822523164,0.9516129032258064,0.9837740384615384,0.9769982748706154,0.9479405034324944,0.9787234042553191,0.9666666666666667,0.9559948979591838,0.9681697612732095,0.9930555555555556,0.9678308823529413,0.9907407407407408
invariant,none,0.0,4,0.9768237460700571,0.970829348239356,0.9829087483911789,0.0446685878962536,1.0,0.9993827160493828,0.9881422924901185,0.9714285714285714,1.0,1.0,1.0,1.0,0.9733593242365173,0.9567398119122257,0.970291146761735,0.9698005698005698,0.9750000000000001,0.9426136363636364,0.9843260188087775,0.9641176470588235,0.9951923076923077,0.9891581632653061,0.9944444444444444,0.984375
invariant,stealthy,0.1,0,0.9759515251295645,0.9713597494881369,0.9852635590356421,0.021133525456292025,0.9985380116959064,1.0,0.9966666666666666,0.9953007518796992,0.996003996003996,1.0,1.0,1.0,0.9658823529411765,0.9716049382716049,0.962962962962963,0.9818181818181818,0.9880884855360181,0.9754985754985754,0.9781167108753316,0.9840277777777777,0.985969387755102,0.9442815249266862,0.9846153846153847,0.9813765182186234
invariant,stealthy,0.1,1,0.9727638857983272,0.9689488561894708,0.984774621252975,0.043707973102785784,0.9874213836477987,0.9990370727010112,0.985362095531587,0.9971751412429379,0.9976744186046511,0.9944055944055943,0.9980842911877394,1.0,0.9586440677966102,0.961755485893417,0.9370172311348782,0.9842565597667638,0.9663817663817663,0.9924768518518519,0.9735576923076923,0.9594117647058823,0.9780564263322884,0.9604166666666667,0.9562334217506632,0.94765625
invariant,stealthy,0.1,2,0.9779129130563979,0.9702658854701701,0.9843863471314451,0.05235350624399616,0.9947447447447447,0.9930069930069929,0.9903381642512078,0.9974358974358974,0.9953183520599251,0.9961685823754789,1.0,1.0,0.982615268329554,0.9697530864197532,0.9677975848188614,0.9846851956891662,0.9846851956891662,0.9744318181818183,0.9591836734693878,0.9674981103552532,0.9876543209876544,0.9567448680351905,0.9859375,0.9653061224489796
invariant,stealthy,0.1,3,0.9755020475065196,0.9691021199519192,0.9844222984389943,0.08357348703170028,0.9958333333333333,0.9988851727982163,1.0,1.0,0.9975757575757576,1.0,0.9882629107981221,0.9970588235294118,0.9836065573770493,0.9538123167155426,0.9837740384615383,0.9741230592294422,0.9439359267734554,0.9798734905117884,0.962962962962963,0.9623724489795918,0.960212201591512,0.9944444444444444,0.9696691176470589,0.9895833333333334
invariant,stealthy,0.1,4,0.977175046221908,0.9709682066250563,0.9829411045679731,0.03650336215177714,1.0,1.0,0.9891304347826085,0.9714285714285714,1.0,1.0,1.0,1.0,0.9759584145549058,0.9579937304075234,0.9696969696969696,0.9686609686609686,0.9738636363636364,0.9403409090909091,0.9836990595611285,0.9582352941176471,0.9975961538461539,0.9872448979591837,0.9944444444444445,0.9862132352941176
invariant,loud,0.4,0,0.9753707650015859,0.9715770109079401,0.9853642226967795,0.021613832853025938,0.9985380116959064,1.0,0.9966666666666666,0.9953007518796992,0.996003996003996,1.0,1.0,1.0,0.9647058823529413,0.971604938271605,0.9612268518518519,0.98125,0.9886557005104935,0.9766381766381766,0.9774535809018567,0.9854166666666666,0.9840561224489796,0.9428152492668621,0.9870445344129555,0.9805668016194332
invariant,loud,0.4,1,0.9723748163296324,0.9687051455533436,0.9847386699454259,0.04899135446685879,0.9874213836477987,0.9990370727010112,0.9845916795069337,0.9971751412429379,0.9976744186046511,0.9958041958041958,0.9980842911877394,1.0,0.96,0.9605015673981192,0.9382055852644088,0.9860058309037901,0.9663817663817664,0.9924768518518519,0.9741586538461539,0.958235294117647,0.9786833855799373,0.9611111111111112,0.9595490716180372,0.94296875
invariant,loud,0.4,2,0.9776701428089725,0.9700094225333153,0.9845193669693767,0.05763688760806916,0.9962462462462462,0.9937839937839938,0.9927536231884059,0.9974358974358974,0.9953183520599251,0.9961685823754789,1.0,1.0,0.981859410430839,0.9722222222222223,0.9683726279470961,0.9852524106636416,0.9829835507657401,0.9755681818181818,0.956268221574344,0.9682539682539683,0.9858024691358024,0.9567448680351905,0.9820312499999999,0.9653061224489796
invariant,loud,0.4,3,0.9754642781896757,0.9689193369748237,0.9843360153008766,0.08069164265129683,0.9958333333333333,0.9988851727982163,1.0,1.0,0.9975757575757576,1.0,0.9882629107981221,0.9970588235294118,0.9821810406272273,0.9516129032258064,0.9843749999999999,0.9735480161012076,0.9433638443935927,0.9798734905117884,0.962962962962963,0.9636479591836734,0.9608753315649867,0.9944444444444445,0.9705882352941176,0.9895833333333334
invariant,loud,0.4,4,0.9765584507481282,0.9705667453058544,0.9829015581296692,0.04130643611911623,1.0,1.0,0.9901185770750988,0.9724867724867725,1.0,1.0,1.0,1.0,0.9746588693957114,0.9573667711598746,0.9696969696969697,0.9686609686609686,0.9738636363636364,0.9386363636363637,0.9836990595611286,0.96,0.9969951923076923,0.9853316326530612,0.9944444444444445,0.984375
multikrum,none,0.0,0,0.9802778183532488,0.9746465369238144,0.9873990667040561,0.053314121037463975,0.9985380116959064,1.0,0.9991666666666666,1.0,0.9990009990009989,1.0,1.0,1.0,0.9782352941176471,0.9790123456790123,0.984375,0.9971590909090909,0.9977311401020986,0.9863247863247864,0.9973474801061009,0.9951388888888888,0.9961734693877551,0.9765395894428153,0.9983805668016195,0.9983805668016195
multikrum,none,0.0,1,0.9833168832031658,0.9791740759895431,0.9877873408255858,0.036983669548511046,0.9911949685534591,1.0,0.9946070878274268,1.0,1.0,1.0,1.0,1.0,0.984406779661017,0.9899686520376175,0.9774212715389187,0.9947521865889213,0.9891737891737891,1.0,0.9963942307692307,0.9829411764705882,0.9993730407523511,0.9895833333333333,0.9920424403183024,0.99609375
multikrum,none,0.0,2,0.9821000741279725,0.9747036861233714,0.9868885581368594,0.08981748318924111,1.0,0.9992229992229992,0.9939613526570048,1.0,0.99812734082397,0.9980842911877394,1.0,1.0,0.9886621315192744,0.9808641975308642,0.9873490511788385,0.993193420306296,0.9954622802041974,0.9801136363636364,0.9725947521865889,0.9886621315192744,1.0,0.9912023460410556,0.99453125,0.9857142857142858
multikrum,none,0.0,3,0.9820691305912809,0.9761565037914479,0.986715991860624,0.06772334293948126,0.9976190476190476,1.0,1.0,1.0,1.0,1.0,0.9953051643192489,1.0,0.9907341411261582,0.9875366568914956,0.9951923076923077,0.9936745255894193,0.9879862700228833,0.9884991374353077,0.9919753086419754,0.9853316326530612,0.9854111405835544,0.9979166666666667,0.9852941176470589,0.9976851851851851
multikrum,none,0.0,4,0.9813260306586741,0.9746833769036941,0.9856698088109465,0.08213256484149856,1.0,1.0,1.0,0.9830687830687831,1.0,1.0,1.0,1.0,0.9831059129304744,0.9937304075235109,0.988116458704694,0.9863247863247864,0.9977272727272727,0.9755681818181818,0.9943573667711598,0.9888235294117647,1.0,0.9974489795918368,0.9993055555555556,0.9954044117647058
multikrum,stealthy,0.1,0,0.9828782130653623,0.9782374903472167,0.98724807121235,0.3150816522574448,1.0,0.9992690058479532,0.9983333333333333,0.9943609022556391,0.9990009990009989,1.0,1.0,1.0,0.9764705882352942,0.987037037037037,0.9918981481481481,0.9954545454545455,0.9982983550765739,0.9851851851851852,0.9986737400530504,0.9986111111111111,0.9974489795918368,0.9794721407624634,0.9991902834008097,0.9991902834008097
multikrum,stealthy,0.1,1,0.9838199432004081,0.9784665594528791,0.9872372858200853,0.329971181556196,0.9905660377358491,0.9980741454020221,0.99768875192604,1.0,1.0,1.0,1.0,1.0,0.9830508474576272,0.9780564263322884,0.9637551990493167,0.9912536443148687,0.9886039886039886,0.9988425925925926,0.9939903846153846,0.9823529411764705,1.0,0.9833333333333334,0.9807692307692308,0.9968750000000001
multikrum,stealthy,0.1,2,0.9826827682269945,0.9755084979915127,0.9876651063799191,0.521133525456292,1.0,1.0,0.9939613526570048,1.0,1.0,0.9923371647509578,1.0,1.0,0.9886621315192744,0.991358024691358,0.9873490511788384,0.9960294951786727,0.9960294951786728,0.9818181818181818,0.9755102040816327,0.9879062736205593,0.9993827160493827,0.9875366568914956,0.996875,0.9928571428571429
multikrum,stealthy,0.1,3,0.9803840729976232,0.9745756908086612,0.9857453065567994,0.3539865513928914,0.9988095238095238,1.0,1.0,1.0,1.0,1.0,0.9929577464788732,1.0,0.9900213827512473,0.9831378299120235,0.9951923076923077,0.9942495687176538,0.9834096109839817,0.9948246118458884,0.9882716049382716,0.9897959183673469,0.98342175066313,0.9972222222222222,0.9834558823529411,0.9965277777777778
multikrum,stealthy,0.1,4,0.9832099459807759,0.9770557771464603,0.9864894986230649,0.43756003842459174,1.0,1.0,1.0,0.9925925925925926,1.0,1.0,1.0,1.0,0.9935022742040287,0.9943573667711599,0.9887106357694593,0.9925925925925926,0.9971590909090909,0.9659090909090909,0.9968652037617555,0.9876470588235294,1.0,0.9936224489795918,1.0,0.9981617647058824
multikrum,loud,0.4,0,0.9824700314122403,0.9775734260945136,0.987212119904801,0.10230547550432277,1.0,0.9992690058479532,0.9983333333333333,0.9962406015037595,0.9990009990009989,1.0,1.0,1.0,0.9858823529411764,0.9876543209876543,0.9913194444444444,0.9965909090909091,0.9965967101531481,0.9886039886039886,0.9993368700265253,0.9979166666666666,0.996811224489796,0.9743401759530792,0.9991902834008097,0.9902834008097166
multikrum,loud,0.4,1,0.9835077775214319,0.978724439312037,0.98724807121235,0.41450528338136405,0.989937106918239,0.9985556090515166,0.9969183359013868,1.0,1.0,1.0,1.0,1.0,0.9816949152542374,0.9811912225705328,0.9726678550207962,0.9918367346938775,0.9874643874643875,0.9976851851851851,0.9927884615384615,0.9805882352941175,1.0,0.9861111111111112,0.9794429708222812,0.9929687500000001
multikrum,loud,0.4,2,0.9822608212505648,0.975019659796955,0.9884344643614689,0.5590778097982709,1.0,1.0,0.9927536231884058,1.0,1.0,0.9885057471264367,1.0,1.0,0.9886621315192744,0.9901234567901235,0.9879240943070731,0.9977311401020987,0.9971639251276234,0.9846590909090909,0.9749271137026239,0.9871504157218443,0.9993827160493827,0.9831378299120235,0.99609375,0.9795918367346939
multikrum,loud,0.4,3,0.980692143208508,0.9746106415588035,0.9866153281994865,0.3261287223823247,0.9988095238095238,1.0,1.0,1.0,1.0,1.0,0.9929577464788732,1.0,0.9893086243763364,0.9838709677419355,0.9957932692307692,0.9959746981023577,0.9874141876430207,0.9948246118458883,0.9876543209876544,0.9910714285714286,0.9847480106100797,0.9965277777777778,0.9834558823529411,0.9976851851851851
multikrum,loud,0.4,4,0.9831993660215393,0.9770975763544006,0.9863672641773982,0.43611911623439004,1.0,1.0,1.0,0.9936507936507937,1.0,1.0,1.0,1.0,0.9974009096816114,0.9949843260188087,0.9881164587046941,0.9931623931623932,0.9982954545454545,0.9653409090909091,0.9974921630094045,0.9852941176470589,1.0,0.9942602040816327,1.0,0.9972426470588236
flame,none,0.0,0,0.8340470824112842,0.7877559020717766,0.9172328997605643,0.15273775216138327,0.9422514619883041,0.9422514619883041,0.97,0.8533834586466166,0.919080919080919,0.9648148148148148,0.9357142857142857,0.9101449275362319,0.7929411764705883,0.7512345679012346,0.7737268518518517,0.7681818181818182,0.7838910947249007,0.7982905982905982,0.7128647214854111,0.8034722222222224,0.7971938775510203,0.6319648093841642,0.8129554655870445,0.7724696356275305
flame,none,0.0,1,0.7808098651635388,0.7705525760828238,0.6958663186580096,0.4610951008645533,0.7672955974842768,0.6928261916225325,0.711864406779661,0.5461393596986817,0.6476744186046511,0.7706293706293705,0.632183908045977,0.6819672131147541,0.816271186440678,0.7059561128526646,0.8146167557932263,0.8186588921282799,0.7054131054131054,0.7980324074074074,0.7710336538461537,0.753529411764706,0.7648902821316615,0.7965277777777778,0.6644562334217506,0.7703125
flame,none,0.0,2,0.8160659297554413,0.802522594006891,0.805176269260913,0.23871277617675313,0.7665165165165164,0.7591297591297591,0.6956521739130435,0.6384615384615384,0.8295880149812734,0.8007662835249043,0.6875,0.8194444444444444,0.8692365835222978,0.8765432098765433,0.8361127084531341,0.8468519568916619,0.8060124787294385,0.8602272727272726,0.7883381924198251,0.798941798941799,0.8339506172839506,0.7749266862170088,0.80703125,0.8153061224489797
flame,none,0.0,3,0.6682502476620565,0.642817030461468,0.707726655018443,1.0,0.8172619047619047,0.7235228539576365,0.5614814814814815,0.7545271629778673,0.7321212121212122,0.7807881773399015,0.7183098591549295,0.7470588235294118,0.774768353528154,0.6708211143695014,0.553485576923077,0.5445658424381828,0.6092677345537757,0.5871190339275446,0.6160493827160495,0.7193877551020408,0.5862068965517241,0.4736111111111111,0.671875,0.44560185185185186
flame,none,0.0,4,0.4387394194719486,0.45020014027530797,0.517071478389669,0.0,0.5279461279461279,0.43703703703703706,0.441699604743083,0.5502645502645502,0.6290909090909091,0.41782178217821786,0.5895372233400403,0.43888888888888883,0.5211176088369072,0.5529780564263322,0.5362448009506833,0.42962962962962964,0.3920454545454546,0.5008522727272727,0.370846394984326,0.5255882352941177,0.45973557692307687,0.3443877551020408,0.44479166666666664,0.5625
flame,stealthy,0.1,0,0.7219964405831765,0.7567049944149645,0.6655989128324598,0.49711815561959655,0.6937134502923977,0.6798245614035087,0.72,0.6428571428571429,0.6593406593406594,0.575925925925926,0.5928571428571429,0.855072463768116,0.7952941176470588,0.7098765432098766,0.7395833333333334,0.7431818181818182,0.8423142370958593,0.8096866096866097,0.7248010610079575,0.7854166666666668,0.801658163265306,0.6085043988269795,0.8680161943319838,0.71417004048583
flame,stealthy,0.1,1,0.7209468631217204,0.7303946364767755,0.649830669341444,0.27185398655139287,0.6716981132075472,0.614347616754935,0.7218798151001542,0.5404896421845574,0.6616279069767442,0.7426573426573427,0.5708812260536399,0.718032786885246,0.7450847457627119,0.7090909090909092,0.7219251336898396,0.7819241982507289,0.7071225071225071,0.7690972222222222,0.6664663461538461,0.7411764705882353,0.7241379310344828,0.7180555555555556,0.6319628647214854,0.75
flame,stealthy,0.1,2,0.802287409939519,0.8002621306260671,0.7662374080545309,0.9942363112391931,0.6846846846846847,0.7645687645687645,0.7620772946859903,0.6076923076923076,0.7649812734082397,0.8448275862068966,0.8106060606060606,0.7237654320987654,0.8299319727891157,0.8722222222222222,0.8217366302472685,0.8536585365853658,0.8774815655133295,0.8176136363636364,0.7574344023323616,0.8495842781557067,0.8333333333333333,0.7866568914956011,0.7359374999999999,0.8040816326530612
flame,stealthy,0.1,3,0.6770725685092177,0.639789067499817,0.6212817360167389,0.9961575408261287,0.6642857142857144,0.7040133779264214,0.6599999999999999,0.6941649899396378,0.5054545454545454,0.810344827586207,0.8896713615023474,0.9411764705882353,0.7790449037776194,0.6011730205278593,0.6400240384615384,0.4795859689476711,0.6161327231121282,0.6187464059804485,0.47777777777777775,0.7028061224489796,0.5981432360742706,0.6770833333333333,0.5946691176470589,0.525462962962963
flame,stealthy,0.1,4,0.5918439435535284,0.6179380002030922,0.5043501082134356,0.5696445725264169,0.49090909090909096,0.5407407407407407,0.3922924901185771,0.5428571428571428,0.5454545454545454,0.27524752475247527,0.6277665995975856,0.575,0.6458739441195581,0.5836990595611286,0.5692216280451575,0.5709401709401709,0.6221590909090909,0.584659090909091,0.5736677115987461,0.6458823529411765,0.6899038461538461,0.5758928571428572,0.6409722222222222,0.6011029411764706
flame,loud,0.4,0,0.7455378737512803,0.7716516354825684,0.7137952357327235,0.28097982708933716,0.7587719298245613,0.7514619883040936,0.8058333333333334,0.6315789473684211,0.6503496503496504,0.6222222222222222,0.6642857142857143,0.8463768115942029,0.7770588235294117,0.7475308641975309,0.7905092592592592,0.7392045454545454,0.8043108338060124,0.8415954415954415,0.7911140583554377,0.8166666666666668,0.8099489795918368,0.591642228739003,0.8072874493927126,0.7659919028340081
flame,loud,0.4,1,0.7213523144627816,0.7263691602137663,0.6682557144603349,0.6719500480307397,0.6528301886792452,0.6629754453538758,0.7765793528505394,0.5160075329566854,0.6406976744186047,0.7076923076923076,0.524904214559387,0.6229508196721311,0.7301694915254238,0.6865203761755485,0.770053475935829,0.7685131195335277,0.7401709401709401,0.7488425925925927,0.657451923076923,0.7629411764705882,0.7109717868338559,0.7604166666666666,0.633289124668435,0.71328125
flame,loud,0.4,2,0.8338354832265553,0.8129785359886457,0.8129956786528327,1.0,0.707957957957958,0.7583527583527584,0.8031400966183575,0.6756410256410257,0.8136704119850187,0.8256704980842912,0.7992424242424243,0.7777777777777778,0.8208616780045351,0.8932098765432098,0.7849338700402531,0.8695405558706749,0.897334089619966,0.88125,0.7551020408163266,0.8442932728647015,0.8308641975308642,0.7851906158357771,0.7640625,0.7846938775510205
flame,loud,0.4,3,0.6769886114133415,0.6484894427480736,0.6252040236703409,0.9956772334293948,0.7422619047619048,0.7179487179487181,0.6259259259259259,0.6498993963782695,0.43272727272727274,0.7364532019704434,0.7112676056338028,0.7941176470588235,0.7761938702779758,0.5711143695014662,0.5697115384615385,0.562392179413456,0.606979405034325,0.6221966647498561,0.5561728395061728,0.7729591836734694,0.7294429708222812,0.6805555555555555,0.625,0.4467592592592592
flame,loud,0.4,4,0.5166622981673691,0.5713113379761154,0.45326689531698267,0.0196926032660903,0.4053872053872054,0.3691358024691358,0.4703557312252964,0.5015873015873016,0.5599999999999999,0.25346534653465347,0.5412474849094567,0.6388888888888888,0.631578947368421,0.6633228840125391,0.6197266785502079,0.6022792022792022,0.5517045454545455,0.5494318181818182,0.5523510971786834,0.5894117647058823,0.6280048076923076,0.48278061224489793,0.5263888888888888,0.5349264705882353
