method,attack,seed,round,client,is_attacker,norm
source_aware,False,0,1,rsna_c,False,27.61140251159668
source_aware,False,0,1,rsna_b,False,29.80800437927246
source_aware,False,0,1,kerm_b,False,28.477083206176758
source_aware,False,0,1,rsna_a,False,29.020931243896484
source_aware,False,0,2,kerm_a,False,26.351518630981445
source_aware,False,0,2,rsna_b,False,36.53664016723633
source_aware,False,0,2,rsna_a,False,42.580352783203125
source_aware,False,0,2,rsna_c,False,33.81107711791992
source_aware,False,0,3,rsna_a,False,38.98781204223633
source_aware,False,0,3,kerm_b,False,42.075714111328125
source_aware,False,0,3,rsna_c,False,42.203147888183594
source_aware,False,0,3,rsna_b,False,45.26654052734375
source_aware,False,0,4,kerm_a,False,55.88139724731445
source_aware,False,0,4,kerm_b,False,37.796112060546875
source_aware,False,0,4,rsna_a,False,58.68840026855469
source_aware,False,0,4,rsna_c,False,42.46611022949219
source_aware,False,0,5,rsna_a,False,48.280296325683594
source_aware,False,0,5,kerm_a,False,45.19331359863281
source_aware,False,0,5,rsna_b,False,47.429443359375
source_aware,False,0,5,kerm_b,False,36.66582107543945
source_aware,False,0,6,rsna_b,False,55.49405288696289
source_aware,False,0,6,kerm_b,False,43.20219802856445
source_aware,False,0,6,rsna_a,False,60.67334747314453
source_aware,False,0,6,kerm_a,False,87.7175064086914
source_aware,False,0,7,rsna_c,False,41.780364990234375
source_aware,False,0,7,kerm_a,False,44.75871276855469
source_aware,False,0,7,rsna_a,False,45.7569694519043
source_aware,False,0,7,rsna_b,False,48.97805404663086
source_aware,False,0,8,kerm_b,False,54.44462966918945
source_aware,False,0,8,rsna_a,False,50.71858215332031
source_aware,False,0,8,rsna_b,False,53.99827575683594
source_aware,False,0,8,rsna_c,False,59.35178756713867
source_aware,False,0,9,kerm_a,False,75.23727416992188
source_aware,False,0,9,rsna_a,False,53.45611572265625
source_aware,False,0,9,rsna_b,False,44.84668731689453
source_aware,False,0,9,rsna_c,False,43.407615661621094
source_aware,False,0,10,kerm_a,False,81.23833465576172
source_aware,False,0,10,rsna_a,False,54.89649200439453
source_aware,False,0,10,rsna_c,False,47.02109146118164
source_aware,False,0,10,rsna_b,False,44.807743072509766
source_aware,False,0,11,rsna_a,False,49.72955322265625
source_aware,False,0,11,kerm_a,False,77.6948471069336
source_aware,False,0,11,rsna_c,False,49.14341354370117
source_aware,False,0,11,kerm_b,False,69.54098510742188
source_aware,False,0,12,rsna_a,False,49.306312561035156
source_aware,False,0,12,rsna_c,False,46.734500885009766
source_aware,False,0,12,kerm_b,False,92.81700897216797
source_aware,False,0,12,rsna_b,False,52.186492919921875
source_aware,False,0,13,rsna_b,False,50.58699035644531
source_aware,False,0,13,kerm_b,False,57.44564437866211
source_aware,False,0,13,rsna_a,False,60.9741325378418
source_aware,False,0,13,rsna_c,False,54.796260833740234
source_aware,False,0,14,kerm_a,False,73.86495971679688
source_aware,False,0,14,rsna_c,False,54.04261016845703
source_aware,False,0,14,kerm_b,False,57.46285629272461
source_aware,False,0,14,rsna_b,False,63.63057327270508
source_aware,False,0,15,kerm_b,False,42.976287841796875
source_aware,False,0,15,rsna_b,False,64.1563491821289
source_aware,False,0,15,kerm_a,False,80.7675552368164
source_aware,False,0,15,rsna_a,False,55.17245864868164
source_aware,False,0,16,rsna_b,False,37.65557098388672
source_aware,False,0,16,kerm_b,False,118.45147705078125
source_aware,False,0,16,rsna_c,False,56.732200622558594
source_aware,False,0,16,kerm_a,False,63.63795852661133
source_aware,False,0,17,rsna_c,False,55.409423828125
source_aware,False,0,17,rsna_a,False,66.18770599365234
source_aware,False,0,17,kerm_b,False,43.580772399902344
source_aware,False,0,17,rsna_b,False,50.74990463256836
source_aware,False,0,18,kerm_b,False,59.70684814453125
source_aware,False,0,18,rsna_c,False,47.03480911254883
source_aware,False,0,18,rsna_b,False,42.90453338623047
source_aware,False,0,18,kerm_a,False,96.8944091796875
source_aware,False,0,19,kerm_b,False,64.86824035644531
source_aware,False,0,19,rsna_a,False,80.36430358886719
source_aware,False,0,19,rsna_b,False,37.682037353515625
source_aware,False,0,19,rsna_c,False,40.4271240234375
source_aware,False,0,20,rsna_b,False,52.14564895629883
source_aware,False,0,20,kerm_a,False,72.47173309326172
source_aware,False,0,20,rsna_c,False,56.60081100463867
source_aware,False,0,20,rsna_a,False,66.11375427246094
source_aware,False,0,21,rsna_b,False,44.95845413208008
source_aware,False,0,21,kerm_b,False,78.34054565429688
source_aware,False,0,21,rsna_c,False,62.73921203613281
source_aware,False,0,21,rsna_a,False,59.78363800048828
source_aware,False,0,22,kerm_b,False,67.9419174194336
source_aware,False,0,22,rsna_c,False,47.11054229736328
source_aware,False,0,22,rsna_b,False,65.68547821044922
source_aware,False,0,22,kerm_a,False,93.88933563232422
source_aware,False,0,23,rsna_c,False,55.65481185913086
source_aware,False,0,23,rsna_b,False,49.02515411376953
source_aware,False,0,23,rsna_a,False,91.62525939941406
source_aware,False,0,23,kerm_a,False,54.12847137451172
source_aware,False,0,24,rsna_c,False,54.432552337646484
source_aware,False,0,24,rsna_a,False,58.82957077026367
source_aware,False,0,24,kerm_b,False,100.44650268554688
source_aware,False,0,24,rsna_b,False,37.70973587036133
source_aware,False,0,25,kerm_a,False,91.0704116821289
source_aware,False,0,25,kerm_b,False,73.74734497070312
source_aware,False,0,25,rsna_c,False,42.3403205871582
source_aware,False,0,25,rsna_b,False,47.942020416259766
source_aware,False,0,26,kerm_b,False,69.03534698486328
source_aware,False,0,26,kerm_a,False,91.08029174804688
source_aware,False,0,26,rsna_c,False,60.1973991394043
source_aware,False,0,26,rsna_b,False,53.13494110107422
source_aware,False,0,27,rsna_a,False,78.00790405273438
source_aware,False,0,27,kerm_a,False,86.61576843261719
source_aware,False,0,27,rsna_b,False,41.81177520751953
source_aware,False,0,27,kerm_b,False,69.10254669189453
source_aware,False,0,28,rsna_c,False,48.094261169433594
source_aware,False,0,28,rsna_b,False,63.12044906616211
source_aware,False,0,28,rsna_a,False,63.82796859741211
source_aware,False,0,28,kerm_b,False,93.8526611328125
source_aware,False,0,29,kerm_b,False,73.88276672363281
source_aware,False,0,29,rsna_c,False,79.70002746582031
source_aware,False,0,29,rsna_a,False,79.05699920654297
source_aware,False,0,29,kerm_a,False,97.87646484375
source_aware,False,0,30,rsna_a,False,77.00574493408203
source_aware,False,0,30,kerm_a,False,94.01029968261719
source_aware,False,0,30,rsna_b,False,43.283164978027344
source_aware,False,0,30,rsna_c,False,42.65029525756836
source_aware,False,1,1,rsna_b,False,28.571205139160156
source_aware,False,1,1,kerm_b,False,31.45578956604004
source_aware,False,1,1,rsna_c,False,28.96221923828125
source_aware,False,1,1,kerm_a,False,28.225847244262695
source_aware,False,1,2,rsna_b,False,34.388973236083984
source_aware,False,1,2,rsna_c,False,35.779685974121094
source_aware,False,1,2,kerm_b,False,44.359954833984375
source_aware,False,1,2,kerm_a,False,26.940412521362305
source_aware,False,1,3,rsna_a,False,42.03251647949219
source_aware,False,1,3,kerm_b,False,67.2723159790039
source_aware,False,1,3,rsna_c,False,37.36699295043945
source_aware,False,1,3,kerm_a,False,29.858407974243164
source_aware,False,1,4,kerm_b,False,97.49658203125
source_aware,False,1,4,rsna_b,False,40.67091369628906
source_aware,False,1,4,rsna_c,False,36.854522705078125
source_aware,False,1,4,rsna_a,False,46.592376708984375
source_aware,False,1,5,rsna_a,False,64.44610595703125
source_aware,False,1,5,rsna_b,False,50.94461441040039
source_aware,False,1,5,kerm_a,False,51.34620666503906
source_aware,False,1,5,rsna_c,False,44.4163818359375
source_aware,False,1,6,rsna_b,False,42.62715530395508
source_aware,False,1,6,rsna_c,False,38.343589782714844
source_aware,False,1,6,kerm_a,False,42.936336517333984
source_aware,False,1,6,rsna_a,False,53.2046012878418
source_aware,False,1,7,rsna_c,False,40.81836700439453
source_aware,False,1,7,rsna_a,False,55.76203536987305
source_aware,False,1,7,kerm_b,False,48.06475067138672
source_aware,False,1,7,kerm_a,False,46.37787628173828
source_aware,False,1,8,kerm_a,False,53.427303314208984
source_aware,False,1,8,kerm_b,False,46.3188362121582
source_aware,False,1,8,rsna_c,False,38.13785934448242
source_aware,False,1,8,rsna_a,False,47.84880065917969
source_aware,False,1,9,rsna_b,False,66.77169036865234
source_aware,False,1,9,kerm_b,False,49.37507247924805
source_aware,False,1,9,rsna_c,False,39.198726654052734
source_aware,False,1,9,kerm_a,False,46.80039596557617
source_aware,False,1,10,kerm_a,False,37.054779052734375
source_aware,False,1,10,rsna_a,False,59.597415924072266
source_aware,False,1,10,kerm_b,False,56.239261627197266
source_aware,False,1,10,rsna_c,False,40.12594223022461
source_aware,False,1,11,kerm_b,False,52.379398345947266
source_aware,False,1,11,kerm_a,False,42.33347702026367
source_aware,False,1,11,rsna_a,False,45.815650939941406
source_aware,False,1,11,rsna_b,False,71.31192779541016
source_aware,False,1,12,kerm_a,False,56.49495315551758
source_aware,False,1,12,kerm_b,False,51.100772857666016
source_aware,False,1,12,rsna_a,False,49.88313674926758
source_aware,False,1,12,rsna_b,False,67.38099670410156
source_aware,False,1,13,kerm_a,False,38.4102783203125
source_aware,False,1,13,rsna_c,False,48.762271881103516
source_aware,False,1,13,rsna_b,False,71.77973937988281
source_aware,False,1,13,kerm_b,False,55.691585540771484
source_aware,False,1,14,rsna_a,False,59.522674560546875
source_aware,False,1,14,rsna_b,False,44.761566162109375
source_aware,False,1,14,kerm_b,False,85.3027114868164
source_aware,False,1,14,rsna_c,False,52.34110641479492
source_aware,False,1,15,kerm_b,False,58.74823760986328
source_aware,False,1,15,rsna_a,False,86.67196655273438
source_aware,False,1,15,kerm_a,False,55.37561798095703
source_aware,False,1,15,rsna_b,False,58.418392181396484
source_aware,False,1,16,rsna_b,False,53.12739944458008
source_aware,False,1,16,rsna_c,False,50.42844009399414
source_aware,False,1,16,kerm_b,False,77.92347717285156
source_aware,False,1,16,kerm_a,False,45.901187896728516
source_aware,False,1,17,rsna_a,False,83.35978698730469
source_aware,False,1,17,kerm_a,False,39.180049896240234
source_aware,False,1,17,rsna_b,False,46.835784912109375
source_aware,False,1,17,rsna_c,False,39.01561737060547
source_aware,False,1,18,rsna_c,False,57.97920608520508
source_aware,False,1,18,kerm_b,False,60.43829345703125
source_aware,False,1,18,rsna_b,False,50.249420166015625
source_aware,False,1,18,kerm_a,False,47.059974670410156
source_aware,False,1,19,rsna_a,False,109.8462905883789
source_aware,False,1,19,kerm_b,False,68.25023651123047
source_aware,False,1,19,kerm_a,False,44.00533676147461
source_aware,False,1,19,rsna_c,False,34.560821533203125
source_aware,False,1,20,kerm_a,False,53.71900939941406
source_aware,False,1,20,rsna_a,False,71.37114715576172
source_aware,False,1,20,rsna_b,False,46.272151947021484
source_aware,False,1,20,rsna_c,False,64.69194793701172
source_aware,False,1,21,kerm_b,False,77.23014831542969
source_aware,False,1,21,rsna_a,False,69.38217163085938
source_aware,False,1,21,rsna_b,False,38.428428649902344
source_aware,False,1,21,kerm_a,False,49.9447021484375
source_aware,False,1,22,rsna_c,False,85.52938079833984
source_aware,False,1,22,rsna_a,False,54.67500686645508
source_aware,False,1,22,kerm_b,False,95.81938171386719
source_aware,False,1,22,kerm_a,False,54.80397033691406
source_aware,False,1,23,rsna_c,False,47.76757049560547
source_aware,False,1,23,kerm_a,False,54.57317352294922
source_aware,False,1,23,rsna_b,False,46.68133544921875
source_aware,False,1,23,rsna_a,False,76.39825439453125
source_aware,False,1,24,kerm_a,False,42.53965759277344
source_aware,False,1,24,kerm_b,False,60.15457534790039
source_aware,False,1,24,rsna_b,False,49.55805587768555
source_aware,False,1,24,rsna_c,False,62.77924346923828
source_aware,False,1,25,rsna_a,False,86.19047546386719
source_aware,False,1,25,kerm_b,False,52.95284652709961
source_aware,False,1,25,rsna_b,False,54.21123504638672
source_aware,False,1,25,kerm_a,False,55.63143539428711
source_aware,False,1,26,kerm_b,False,74.98948669433594
source_aware,False,1,26,rsna_b,False,44.32476043701172
source_aware,False,1,26,kerm_a,False,49.828922271728516
source_aware,False,1,26,rsna_a,False,46.44746780395508
source_aware,False,1,27,rsna_c,False,62.98894119262695
source_aware,False,1,27,kerm_a,False,44.512123107910156
source_aware,False,1,27,kerm_b,False,73.92288970947266
source_aware,False,1,27,rsna_a,False,87.19804382324219
source_aware,False,1,28,rsna_c,False,56.95674514770508
source_aware,False,1,28,rsna_b,False,69.55899810791016
source_aware,False,1,28,kerm_b,False,56.97480773925781
source_aware,False,1,28,kerm_a,False,56.77317428588867
source_aware,False,1,29,rsna_b,False,72.126220703125
source_aware,False,1,29,kerm_b,False,51.05047607421875
source_aware,False,1,29,rsna_a,False,94.1410140991211
source_aware,False,1,29,kerm_a,False,58.639652252197266
source_aware,False,1,30,kerm_b,False,93.81586456298828
source_aware,False,1,30,rsna_a,False,77.85733795166016
source_aware,False,1,30,kerm_a,False,60.055198669433594
source_aware,False,1,30,rsna_b,False,40.32966613769531
source_aware,False,2,1,rsna_c,False,28.176942825317383
source_aware,False,2,1,kerm_b,False,28.746028900146484
source_aware,False,2,1,rsna_b,False,29.36931610107422
source_aware,False,2,1,kerm_a,False,29.68362045288086
source_aware,False,2,2,kerm_b,False,36.524356842041016
source_aware,False,2,2,kerm_a,False,24.298755645751953
source_aware,False,2,2,rsna_c,False,27.963150024414062
source_aware,False,2,2,rsna_a,False,41.09755325317383
source_aware,False,2,3,rsna_a,False,37.31495666503906
source_aware,False,2,3,rsna_c,False,35.404727935791016
source_aware,False,2,3,kerm_a,False,32.6182975769043
source_aware,False,2,3,kerm_b,False,46.9405632019043
source_aware,False,2,4,kerm_b,False,45.329246520996094
source_aware,False,2,4,rsna_c,False,37.712955474853516
source_aware,False,2,4,rsna_b,False,51.386104583740234
source_aware,False,2,4,kerm_a,False,34.58866500854492
source_aware,False,2,5,kerm_b,False,40.80036163330078
source_aware,False,2,5,rsna_a,False,46.829551696777344
source_aware,False,2,5,kerm_a,False,34.304039001464844
source_aware,False,2,5,rsna_b,False,54.491424560546875
source_aware,False,2,6,rsna_a,False,50.175254821777344
source_aware,False,2,6,rsna_b,False,44.600677490234375
source_aware,False,2,6,kerm_a,False,42.52791213989258
source_aware,False,2,6,kerm_b,False,63.98823928833008
source_aware,False,2,7,kerm_b,False,48.66648864746094
source_aware,False,2,7,rsna_a,False,48.24941635131836
source_aware,False,2,7,rsna_b,False,41.91917419433594
source_aware,False,2,7,rsna_c,False,38.21573257446289
source_aware,False,2,8,kerm_a,False,54.405975341796875
source_aware,False,2,8,rsna_b,False,53.481040954589844
source_aware,False,2,8,kerm_b,False,48.86567687988281
source_aware,False,2,8,rsna_a,False,42.87824249267578
source_aware,False,2,9,kerm_a,False,40.224300384521484
source_aware,False,2,9,rsna_b,False,41.164947509765625
source_aware,False,2,9,kerm_b,False,58.32443618774414
source_aware,False,2,9,rsna_c,False,47.927059173583984
source_aware,False,2,10,kerm_b,False,45.125701904296875
source_aware,False,2,10,rsna_b,False,54.801422119140625
source_aware,False,2,10,rsna_a,False,68.9855728149414
source_aware,False,2,10,rsna_c,False,34.59405517578125
source_aware,False,2,11,rsna_a,False,47.761756896972656
source_aware,False,2,11,kerm_a,False,64.9106674194336
source_aware,False,2,11,kerm_b,False,57.751075744628906
source_aware,False,2,11,rsna_c,False,36.36177444458008
source_aware,False,2,12,kerm_b,False,46.26292037963867
source_aware,False,2,12,rsna_b,False,65.84222412109375
source_aware,False,2,12,kerm_a,False,63.49474334716797
source_aware,False,2,12,rsna_a,False,53.27082061767578
source_aware,False,2,13,rsna_c,False,39.08090591430664
source_aware,False,2,13,rsna_a,False,50.042293548583984
source_aware,False,2,13,kerm_b,False,56.30035400390625
source_aware,False,2,13,kerm_a,False,42.998470306396484
source_aware,False,2,14,rsna_a,False,52.039634704589844
source_aware,False,2,14,rsna_b,False,47.35845184326172
source_aware,False,2,14,rsna_c,False,36.53190231323242
source_aware,False,2,14,kerm_a,False,63.37361145019531
source_aware,False,2,15,rsna_b,False,47.480003356933594
source_aware,False,2,15,kerm_b,False,76.8871078491211
source_aware,False,2,15,kerm_a,False,45.55636215209961
source_aware,False,2,15,rsna_a,False,51.06304931640625
source_aware,False,2,16,kerm_b,False,69.31199645996094
source_aware,False,2,16,rsna_a,False,44.34140396118164
source_aware,False,2,16,rsna_b,False,40.01847457885742
source_aware,False,2,16,kerm_a,False,42.572940826416016
source_aware,False,2,17,kerm_a,False,36.64210510253906
source_aware,False,2,17,kerm_b,False,50.82723617553711
source_aware,False,2,17,rsna_a,False,47.46175765991211
source_aware,False,2,17,rsna_b,False,42.641414642333984
source_aware,False,2,18,rsna_c,False,45.06460952758789
source_aware,False,2,18,rsna_a,False,54.52322769165039
source_aware,False,2,18,rsna_b,False,36.666175842285156
source_aware,False,2,18,kerm_a,False,54.33055114746094
source_aware,False,2,19,rsna_a,False,44.75182342529297
source_aware,False,2,19,kerm_a,False,48.89374923706055
source_aware,False,2,19,rsna_b,False,34.466331481933594
source_aware,False,2,19,rsna_c,False,55.299522399902344
source_aware,False,2,20,kerm_a,False,50.94658660888672
source_aware,False,2,20,kerm_b,False,80.4706039428711
source_aware,False,2,20,rsna_c,False,41.82503128051758
source_aware,False,2,20,rsna_a,False,53.722137451171875
source_aware,False,2,21,rsna_a,False,58.657569885253906
source_aware,False,2,21,kerm_b,False,69.62359619140625
source_aware,False,2,21,rsna_b,False,51.05051803588867
source_aware,False,2,21,rsna_c,False,40.61997985839844
source_aware,False,2,22,kerm_b,False,74.10159301757812
source_aware,False,2,22,kerm_a,False,59.40497970581055
source_aware,False,2,22,rsna_a,False,57.05632400512695
source_aware,False,2,22,rsna_b,False,39.68206024169922
source_aware,False,2,23,rsna_b,False,40.047340393066406
source_aware,False,2,23,kerm_b,False,63.88323211669922
source_aware,False,2,23,kerm_a,False,48.761077880859375
source_aware,False,2,23,rsna_c,False,47.872650146484375
source_aware,False,2,24,kerm_b,False,55.94517135620117
source_aware,False,2,24,rsna_a,False,61.79302215576172
source_aware,False,2,24,kerm_a,False,52.80170822143555
source_aware,False,2,24,rsna_c,False,38.31682586669922
source_aware,False,2,25,rsna_b,False,78.03934478759766
source_aware,False,2,25,kerm_b,False,54.03203201293945
source_aware,False,2,25,kerm_a,False,59.64398193359375
source_aware,False,2,25,rsna_a,False,70.54671478271484
source_aware,False,2,26,rsna_c,False,63.14950180053711
source_aware,False,2,26,kerm_a,False,43.777557373046875
source_aware,False,2,26,rsna_a,False,75.875732421875
source_aware,False,2,26,kerm_b,False,69.8724136352539
source_aware,False,2,27,rsna_b,False,51.852352142333984
source_aware,False,2,27,kerm_b,False,73.58162689208984
source_aware,False,2,27,rsna_c,False,50.27981948852539
source_aware,False,2,27,kerm_a,False,54.26144790649414
source_aware,False,2,28,rsna_b,False,49.45467758178711
source_aware,False,2,28,kerm_a,False,42.22911834716797
source_aware,False,2,28,rsna_a,False,65.7411880493164
source_aware,False,2,28,kerm_b,False,55.007320404052734
source_aware,False,2,29,kerm_b,False,84.51875305175781
source_aware,False,2,29,rsna_b,False,50.31071472167969
source_aware,False,2,29,kerm_a,False,59.549827575683594
source_aware,False,2,29,rsna_c,False,46.3609619140625
source_aware,False,2,30,kerm_a,False,38.224998474121094
source_aware,False,2,30,rsna_c,False,41.31483840942383
source_aware,False,2,30,rsna_b,False,53.6924934387207
source_aware,False,2,30,rsna_a,False,75.20066833496094
source_aware,True,0,1,rsna_c,False,27.61140251159668
source_aware,True,0,1,rsna_b,False,29.80800437927246
source_aware,True,0,1,kerm_b,False,28.477083206176758
source_aware,True,0,1,rsna_a,False,29.020931243896484
source_aware,True,0,2,kerm_a,False,26.351518630981445
source_aware,True,0,2,rsna_b,False,36.53664016723633
source_aware,True,0,2,rsna_a,False,42.580352783203125
source_aware,True,0,2,rsna_c,False,33.81107711791992
source_aware,True,0,3,rsna_a,False,38.98781204223633
source_aware,True,0,3,kerm_b,False,42.075714111328125
source_aware,True,0,3,rsna_c,False,42.203147888183594
source_aware,True,0,3,rsna_b,False,45.26654052734375
source_aware,True,0,4,kerm_a,False,55.88139724731445
source_aware,True,0,4,kerm_b,False,37.796112060546875
source_aware,True,0,4,rsna_a,False,58.68840026855469
source_aware,True,0,4,rsna_c,False,42.46611022949219
source_aware,True,0,5,rsna_a,False,48.280296325683594
source_aware,True,0,5,kerm_a,False,45.19331359863281
source_aware,True,0,5,rsna_b,False,47.429443359375
source_aware,True,0,5,kerm_b,False,36.66582107543945
source_aware,True,0,6,rsna_b,False,55.49405288696289
source_aware,True,0,6,kerm_b,False,43.20219802856445
source_aware,True,0,6,rsna_a,False,60.67334747314453
source_aware,True,0,6,kerm_a,False,87.7175064086914
source_aware,True,0,7,rsna_c,False,41.780364990234375
source_aware,True,0,7,kerm_a,False,44.75871276855469
source_aware,True,0,7,rsna_a,False,45.7569694519043
source_aware,True,0,7,rsna_b,False,48.97805404663086
source_aware,True,0,8,kerm_b,False,54.44462966918945
source_aware,True,0,8,rsna_a,False,50.71858215332031
source_aware,True,0,8,rsna_b,False,53.99827575683594
source_aware,True,0,8,rsna_c,False,59.35178756713867
source_aware,True,0,9,kerm_a,False,75.23727416992188
source_aware,True,0,9,rsna_a,False,53.45611572265625
source_aware,True,0,9,rsna_b,False,44.84668731689453
source_aware,True,0,9,rsna_c,False,43.407615661621094
source_aware,True,0,10,kerm_a,False,81.23833465576172
source_aware,True,0,10,rsna_a,False,54.89649200439453
source_aware,True,0,10,rsna_c,False,47.02109146118164
source_aware,True,0,10,rsna_b,False,44.807743072509766
source_aware,True,0,11,rsna_a,False,49.72955322265625
source_aware,True,0,11,kerm_a,False,77.6948471069336
source_aware,True,0,11,rsna_c,False,49.14341354370117
source_aware,True,0,11,kerm_b,False,69.54098510742188
source_aware,True,0,12,rsna_a,False,49.306312561035156
source_aware,True,0,12,rsna_c,False,46.734500885009766
source_aware,True,0,12,kerm_b,False,92.81700897216797
source_aware,True,0,12,rsna_b,False,52.186492919921875
source_aware,True,0,13,rsna_b,False,50.58699035644531
source_aware,True,0,13,kerm_b,False,57.44564437866211
source_aware,True,0,13,rsna_a,False,60.9741325378418
source_aware,True,0,13,rsna_c,False,54.796260833740234
source_aware,True,0,14,kerm_a,False,73.86495971679688
source_aware,True,0,14,rsna_c,False,54.04261016845703
source_aware,True,0,14,kerm_b,False,57.46285629272461
source_aware,True,0,14,rsna_b,False,63.63057327270508
source_aware,True,0,15,rsna_c,True,60.64457702636719
source_aware,True,0,15,rsna_a,False,73.41127014160156
source_aware,True,0,15,kerm_a,False,80.7675552368164
source_aware,True,0,15,kerm_b,False,80.84066772460938
source_aware,True,0,16,rsna_c,True,51.268802642822266
source_aware,True,0,16,rsna_a,False,59.55101013183594
source_aware,True,0,16,rsna_b,False,50.672786712646484
source_aware,True,0,16,kerm_a,False,71.01109313964844
source_aware,True,0,17,rsna_c,True,63.71950912475586
source_aware,True,0,17,rsna_b,False,48.83660125732422
source_aware,True,0,17,rsna_a,False,68.72026824951172
source_aware,True,0,17,kerm_b,False,63.601314544677734
source_aware,True,0,18,rsna_c,True,44.800331115722656
source_aware,True,0,18,rsna_a,False,99.23590087890625
source_aware,True,0,18,kerm_a,False,101.5313720703125
source_aware,True,0,18,rsna_b,False,56.183349609375
source_aware,True,0,19,rsna_c,True,86.85017395019531
source_aware,True,0,19,kerm_b,False,139.69541931152344
source_aware,True,0,19,rsna_a,False,57.70753479003906
source_aware,True,0,19,kerm_a,False,79.76602172851562
source_aware,True,0,20,rsna_c,True,67.9734878540039
source_aware,True,0,20,kerm_a,False,91.79075622558594
source_aware,True,0,20,rsna_b,False,38.9191780090332
source_aware,True,0,20,rsna_a,False,66.22468566894531
source_aware,True,0,21,rsna_c,True,87.824462890625
source_aware,True,0,21,kerm_b,False,84.87220001220703
source_aware,True,0,21,kerm_a,False,85.21585845947266
source_aware,True,0,21,rsna_b,False,38.34870147705078
source_aware,True,0,22,rsna_c,True,42.3745231628418
source_aware,True,0,22,rsna_a,False,77.76020812988281
source_aware,True,0,22,rsna_b,False,60.73466110229492
source_aware,True,0,22,kerm_a,False,114.00057983398438
source_aware,True,0,23,rsna_c,True,78.21533966064453
source_aware,True,0,23,kerm_b,False,77.08145141601562
source_aware,True,0,23,rsna_a,False,59.468318939208984
source_aware,True,0,23,kerm_a,False,54.4981689453125
source_aware,True,0,24,rsna_c,True,58.28336715698242
source_aware,True,0,24,kerm_b,False,71.54471588134766
source_aware,True,0,24,rsna_b,False,50.396846771240234
source_aware,True,0,24,rsna_a,False,59.461151123046875
source_aware,True,0,25,rsna_c,True,62.331260681152344
source_aware,True,0,25,kerm_a,False,84.28604125976562
source_aware,True,0,25,rsna_b,False,57.54777526855469
source_aware,True,0,25,kerm_b,False,87.2649154663086
source_aware,True,0,26,rsna_c,True,46.81761169433594
source_aware,True,0,26,kerm_b,False,73.15116119384766
source_aware,True,0,26,rsna_b,False,38.5536994934082
source_aware,True,0,26,rsna_a,False,84.95140838623047
source_aware,True,0,27,rsna_c,True,67.3796157836914
source_aware,True,0,27,kerm_b,False,59.291202545166016
source_aware,True,0,27,kerm_a,False,86.64851379394531
source_aware,True,0,27,rsna_b,False,42.82322692871094
source_aware,True,0,28,rsna_c,True,62.857913970947266
source_aware,True,0,28,rsna_a,False,99.91910552978516
source_aware,True,0,28,kerm_b,False,71.23837280273438
source_aware,True,0,28,kerm_a,False,96.99971008300781
source_aware,True,0,29,rsna_c,True,65.8345718383789
source_aware,True,0,29,kerm_a,False,105.3235855102539
source_aware,True,0,29,kerm_b,False,65.22950744628906
source_aware,True,0,29,rsna_b,False,38.976863861083984
source_aware,True,0,30,rsna_c,True,42.02006149291992
source_aware,True,0,30,rsna_a,False,93.884033203125
source_aware,True,0,30,rsna_b,False,41.711978912353516
source_aware,True,0,30,kerm_b,False,102.8726577758789
source_aware,True,1,1,rsna_b,False,28.571205139160156
source_aware,True,1,1,kerm_b,False,31.45578956604004
source_aware,True,1,1,rsna_c,False,28.96221923828125
source_aware,True,1,1,kerm_a,False,28.225847244262695
source_aware,True,1,2,rsna_b,False,34.388973236083984
source_aware,True,1,2,rsna_c,False,35.779685974121094
source_aware,True,1,2,kerm_b,False,44.359954833984375
source_aware,True,1,2,kerm_a,False,26.940412521362305
source_aware,True,1,3,rsna_a,False,42.03251647949219
source_aware,True,1,3,kerm_b,False,67.2723159790039
source_aware,True,1,3,rsna_c,False,37.36699295043945
source_aware,True,1,3,kerm_a,False,29.858407974243164
source_aware,True,1,4,kerm_b,False,97.49658203125
source_aware,True,1,4,rsna_b,False,40.67091369628906
source_aware,True,1,4,rsna_c,False,36.854522705078125
source_aware,True,1,4,rsna_a,False,46.592376708984375
source_aware,True,1,5,rsna_a,False,64.44610595703125
source_aware,True,1,5,rsna_b,False,50.94461441040039
source_aware,True,1,5,kerm_a,False,51.34620666503906
source_aware,True,1,5,rsna_c,False,44.4163818359375
source_aware,True,1,6,rsna_b,False,42.62715530395508
source_aware,True,1,6,rsna_c,False,38.343589782714844
source_aware,True,1,6,kerm_a,False,42.936336517333984
source_aware,True,1,6,rsna_a,False,53.2046012878418
source_aware,True,1,7,rsna_c,False,40.81836700439453
source_aware,True,1,7,rsna_a,False,55.76203536987305
source_aware,True,1,7,kerm_b,False,48.06475067138672
source_aware,True,1,7,kerm_a,False,46.37787628173828
source_aware,True,1,8,kerm_a,False,53.427303314208984
source_aware,True,1,8,kerm_b,False,46.3188362121582
source_aware,True,1,8,rsna_c,False,38.13785934448242
source_aware,True,1,8,rsna_a,False,47.84880065917969
source_aware,True,1,9,rsna_b,False,66.77169036865234
source_aware,True,1,9,kerm_b,False,49.37507247924805
source_aware,True,1,9,rsna_c,False,39.198726654052734
source_aware,True,1,9,kerm_a,False,46.80039596557617
source_aware,True,1,10,kerm_a,False,37.054779052734375
source_aware,True,1,10,rsna_a,False,59.597415924072266
source_aware,True,1,10,kerm_b,False,56.239261627197266
source_aware,True,1,10,rsna_c,False,40.12594223022461
source_aware,True,1,11,kerm_b,False,52.379398345947266
source_aware,True,1,11,kerm_a,False,42.33347702026367
source_aware,True,1,11,rsna_a,False,45.815650939941406
source_aware,True,1,11,rsna_b,False,71.31192779541016
source_aware,True,1,12,kerm_a,False,56.49495315551758
source_aware,True,1,12,kerm_b,False,51.100772857666016
source_aware,True,1,12,rsna_a,False,49.88313674926758
source_aware,True,1,12,rsna_b,False,67.38099670410156
source_aware,True,1,13,kerm_a,False,38.4102783203125
source_aware,True,1,13,rsna_c,False,48.762271881103516
source_aware,True,1,13,rsna_b,False,71.77973937988281
source_aware,True,1,13,kerm_b,False,55.691585540771484
source_aware,True,1,14,rsna_a,False,59.522674560546875
source_aware,True,1,14,rsna_b,False,44.761566162109375
source_aware,True,1,14,kerm_b,False,85.3027114868164
source_aware,True,1,14,rsna_c,False,52.34110641479492
source_aware,True,1,15,rsna_c,True,46.63249969482422
source_aware,True,1,15,kerm_b,False,56.32527160644531
source_aware,True,1,15,rsna_a,False,75.65641784667969
source_aware,True,1,15,kerm_a,False,67.01692199707031
source_aware,True,1,16,rsna_c,True,53.14987564086914
source_aware,True,1,16,kerm_b,False,55.64384460449219
source_aware,True,1,16,kerm_a,False,37.928287506103516
source_aware,True,1,16,rsna_a,False,67.80354309082031
source_aware,True,1,17,rsna_c,True,54.52357482910156
source_aware,True,1,17,rsna_a,False,63.72806930541992
source_aware,True,1,17,kerm_b,False,52.9575309753418
source_aware,True,1,17,kerm_a,False,42.186161041259766
source_aware,True,1,18,rsna_c,True,46.65205764770508
source_aware,True,1,18,kerm_b,False,55.07164001464844
source_aware,True,1,18,rsna_a,False,52.13711929321289
source_aware,True,1,18,rsna_b,False,74.71551513671875
source_aware,True,1,19,rsna_c,True,38.98977279663086
source_aware,True,1,19,rsna_a,False,74.76643371582031
source_aware,True,1,19,kerm_b,False,56.69182205200195
source_aware,True,1,19,kerm_a,False,70.72322845458984
source_aware,True,1,20,rsna_c,True,37.20589065551758
source_aware,True,1,20,rsna_b,False,49.69974899291992
source_aware,True,1,20,rsna_a,False,53.360450744628906
source_aware,True,1,20,kerm_a,False,64.52396392822266
source_aware,True,1,21,rsna_c,True,48.91805648803711
source_aware,True,1,21,rsna_a,False,54.506248474121094
source_aware,True,1,21,rsna_b,False,47.61594009399414
source_aware,True,1,21,kerm_a,False,58.43867874145508
source_aware,True,1,22,rsna_c,True,67.40492248535156
source_aware,True,1,22,kerm_a,False,48.77083969116211
source_aware,True,1,22,rsna_a,False,59.73787307739258
source_aware,True,1,22,rsna_b,False,43.22919845581055
source_aware,True,1,23,rsna_c,True,61.49293518066406
source_aware,True,1,23,rsna_a,False,57.3664436340332
source_aware,True,1,23,rsna_b,False,52.369407653808594
source_aware,True,1,23,kerm_b,False,56.26689910888672
source_aware,True,1,24,rsna_c,True,68.49736785888672
source_aware,True,1,24,kerm_b,False,53.227882385253906
source_aware,True,1,24,kerm_a,False,51.7523078918457
source_aware,True,1,24,rsna_b,False,54.03841781616211
source_aware,True,1,25,rsna_c,True,34.52437973022461
source_aware,True,1,25,rsna_a,False,68.26177215576172
source_aware,True,1,25,rsna_b,False,55.433040618896484
source_aware,True,1,25,kerm_b,False,91.15750885009766
source_aware,True,1,26,rsna_c,True,52.281211853027344
source_aware,True,1,26,kerm_b,False,70.44962310791016
source_aware,True,1,26,rsna_a,False,66.36064910888672
source_aware,True,1,26,rsna_b,False,38.61131286621094
source_aware,True,1,27,rsna_c,True,49.992820739746094
source_aware,True,1,27,rsna_b,False,64.99872589111328
source_aware,True,1,27,kerm_a,False,55.92344284057617
source_aware,True,1,27,rsna_a,False,107.04936218261719
source_aware,True,1,28,rsna_c,True,67.86912536621094
source_aware,True,1,28,rsna_a,False,58.628021240234375
source_aware,True,1,28,kerm_a,False,49.428306579589844
source_aware,True,1,28,rsna_b,False,43.43646240234375
source_aware,True,1,29,rsna_c,True,62.77486801147461
source_aware,True,1,29,rsna_b,False,37.93639373779297
source_aware,True,1,29,rsna_a,False,50.27530288696289
source_aware,True,1,29,kerm_b,False,100.38709259033203
source_aware,True,1,30,rsna_c,True,64.07181549072266
source_aware,True,1,30,rsna_a,False,52.187557220458984
source_aware,True,1,30,kerm_a,False,49.52987289428711
source_aware,True,1,30,kerm_b,False,65.63481140136719
source_aware,True,2,1,rsna_c,False,28.176942825317383
source_aware,True,2,1,kerm_b,False,28.746028900146484
source_aware,True,2,1,rsna_b,False,29.36931610107422
source_aware,True,2,1,kerm_a,False,29.68362045288086
source_aware,True,2,2,kerm_b,False,36.524356842041016
source_aware,True,2,2,kerm_a,False,24.298755645751953
source_aware,True,2,2,rsna_c,False,27.963150024414062
source_aware,True,2,2,rsna_a,False,41.09755325317383
source_aware,True,2,3,rsna_a,False,37.31495666503906
source_aware,True,2,3,rsna_c,False,35.404727935791016
source_aware,True,2,3,kerm_a,False,32.6182975769043
source_aware,True,2,3,kerm_b,False,46.9405632019043
source_aware,True,2,4,kerm_b,False,45.329246520996094
source_aware,True,2,4,rsna_c,False,37.712955474853516
source_aware,True,2,4,rsna_b,False,51.386104583740234
source_aware,True,2,4,kerm_a,False,34.58866500854492
source_aware,True,2,5,kerm_b,False,40.80036163330078
source_aware,True,2,5,rsna_a,False,46.829551696777344
source_aware,True,2,5,kerm_a,False,34.304039001464844
source_aware,True,2,5,rsna_b,False,54.491424560546875
source_aware,True,2,6,rsna_a,False,50.175254821777344
source_aware,True,2,6,rsna_b,False,44.600677490234375
source_aware,True,2,6,kerm_a,False,42.52791213989258
source_aware,True,2,6,kerm_b,False,63.98823928833008
source_aware,True,2,7,kerm_b,False,48.66648864746094
source_aware,True,2,7,rsna_a,False,48.24941635131836
source_aware,True,2,7,rsna_b,False,41.91917419433594
source_aware,True,2,7,rsna_c,False,38.21573257446289
source_aware,True,2,8,kerm_a,False,54.405975341796875
source_aware,True,2,8,rsna_b,False,53.481040954589844
source_aware,True,2,8,kerm_b,False,48.86567687988281
source_aware,True,2,8,rsna_a,False,42.87824249267578
source_aware,True,2,9,kerm_a,False,40.224300384521484
source_aware,True,2,9,rsna_b,False,41.164947509765625
source_aware,True,2,9,kerm_b,False,58.32443618774414
source_aware,True,2,9,rsna_c,False,47.927059173583984
source_aware,True,2,10,kerm_b,False,45.125701904296875
source_aware,True,2,10,rsna_b,False,54.801422119140625
source_aware,True,2,10,rsna_a,False,68.9855728149414
source_aware,True,2,10,rsna_c,False,34.59405517578125
source_aware,True,2,11,rsna_a,False,47.761756896972656
source_aware,True,2,11,kerm_a,False,64.9106674194336
source_aware,True,2,11,kerm_b,False,57.751075744628906
source_aware,True,2,11,rsna_c,False,36.36177444458008
source_aware,True,2,12,kerm_b,False,46.26292037963867
source_aware,True,2,12,rsna_b,False,65.84222412109375
source_aware,True,2,12,kerm_a,False,63.49474334716797
source_aware,True,2,12,rsna_a,False,53.27082061767578
source_aware,True,2,13,rsna_c,False,39.08090591430664
source_aware,True,2,13,rsna_a,False,50.042293548583984
source_aware,True,2,13,kerm_b,False,56.30035400390625
source_aware,True,2,13,kerm_a,False,42.998470306396484
source_aware,True,2,14,rsna_a,False,52.039634704589844
source_aware,True,2,14,rsna_b,False,47.35845184326172
source_aware,True,2,14,rsna_c,False,36.53190231323242
source_aware,True,2,14,kerm_a,False,63.37361145019531
source_aware,True,2,15,rsna_c,True,50.33363723754883
source_aware,True,2,15,kerm_b,False,76.8871078491211
source_aware,True,2,15,kerm_a,False,45.55636215209961
source_aware,True,2,15,rsna_a,False,51.06304931640625
source_aware,True,2,16,rsna_c,True,40.382286071777344
source_aware,True,2,16,rsna_b,False,47.88198471069336
source_aware,True,2,16,rsna_a,False,54.64228439331055
source_aware,True,2,16,kerm_a,False,47.21134948730469
source_aware,True,2,17,rsna_c,True,44.88138198852539
source_aware,True,2,17,kerm_a,False,49.1287956237793
source_aware,True,2,17,kerm_b,False,74.3491439819336
source_aware,True,2,17,rsna_a,False,51.81663513183594
source_aware,True,2,18,rsna_c,True,39.09781265258789
source_aware,True,2,18,kerm_a,False,49.023868560791016
source_aware,True,2,18,kerm_b,False,58.74666213989258
source_aware,True,2,18,rsna_b,False,34.558448791503906
source_aware,True,2,19,rsna_c,True,34.799835205078125
source_aware,True,2,19,rsna_a,False,76.72113800048828
source_aware,True,2,19,rsna_b,False,36.98182678222656
source_aware,True,2,19,kerm_a,False,34.74824142456055
source_aware,True,2,20,rsna_c,True,40.356197357177734
source_aware,True,2,20,rsna_a,False,51.17167282104492
source_aware,True,2,20,rsna_b,False,57.11360549926758
source_aware,True,2,20,kerm_a,False,55.30659103393555
source_aware,True,2,21,rsna_c,True,42.89093780517578
source_aware,True,2,21,rsna_a,False,47.87828826904297
source_aware,True,2,21,kerm_a,False,53.38469696044922
source_aware,True,2,21,rsna_b,False,42.75543975830078
source_aware,True,2,22,rsna_c,True,52.40387725830078
source_aware,True,2,22,kerm_b,False,70.22130584716797
source_aware,True,2,22,kerm_a,False,50.845741271972656
source_aware,True,2,22,rsna_a,False,72.73165893554688
source_aware,True,2,23,rsna_c,True,42.78401184082031
source_aware,True,2,23,rsna_b,False,52.518123626708984
source_aware,True,2,23,kerm_b,False,54.94569778442383
source_aware,True,2,23,rsna_a,False,50.242332458496094
source_aware,True,2,24,rsna_c,True,55.9118537902832
source_aware,True,2,24,rsna_b,False,38.176944732666016
source_aware,True,2,24,rsna_a,False,55.0841178894043
source_aware,True,2,24,kerm_b,False,60.13096237182617
source_aware,True,2,25,rsna_c,True,40.20734405517578
source_aware,True,2,25,kerm_b,False,62.081764221191406
source_aware,True,2,25,kerm_a,False,45.59244918823242
source_aware,True,2,25,rsna_a,False,60.214141845703125
source_aware,True,2,26,rsna_c,True,38.29071044921875
source_aware,True,2,26,kerm_a,False,57.53078079223633
source_aware,True,2,26,rsna_a,False,47.06937026977539
source_aware,True,2,26,kerm_b,False,53.34028244018555
source_aware,True,2,27,rsna_c,True,37.67762756347656
source_aware,True,2,27,kerm_a,False,43.88974380493164
source_aware,True,2,27,rsna_a,False,55.4827766418457
source_aware,True,2,27,kerm_b,False,60.837860107421875
source_aware,True,2,28,rsna_c,True,41.495269775390625
source_aware,True,2,28,rsna_b,False,56.4525146484375
source_aware,True,2,28,kerm_b,False,65.2125473022461
source_aware,True,2,28,kerm_a,False,49.756011962890625
source_aware,True,2,29,rsna_c,True,37.748714447021484
source_aware,True,2,29,rsna_a,False,82.45401000976562
source_aware,True,2,29,rsna_b,False,46.506187438964844
source_aware,True,2,29,kerm_a,False,41.30521011352539
source_aware,True,2,30,rsna_c,True,54.46141052246094
source_aware,True,2,30,rsna_b,False,29.928857803344727
source_aware,True,2,30,kerm_a,False,48.41936492919922
source_aware,True,2,30,kerm_b,False,77.88726806640625
